{
  "rms":0.5494208944722012, 
  "camera_matrix":[
    [
      1898.0880122299718, 
      0.0, 
      1334.4059081669736
    ], 
    [
      0.0, 
      1896.0180805632556, 
      790.2727091679959
    ], 
    [
      0.0, 
      0.0, 
      1.0
    ]
  ], 
  "dist_coefs":[
    [
      0.06468948478191144, 
      -0.256060243328728, 
      -0.001340310625623448, 
      -0.0005542074540616825, 
      0.3673521730440979
    ]
  ], 
  "rotational_vectors":{
    "image0":[
      [
        0.25286810811317134
      ], 
      [
        -0.551006613115719
      ], 
      [
        1.6334758261081401
      ]
    ], 
    "image1":[
      [
        0.7351171036539886
      ], 
      [
        -0.1900457188503682
      ], 
      [
        2.084491542318213
      ]
    ], 
    "image2":[
      [
        -0.014737585457008711
      ], 
      [
        -0.38826815860081154
      ], 
      [
        1.4912091216135623
      ]
    ], 
    "image3":[
      [
        -0.7133403837762254
      ], 
      [
        0.026634338758129022
      ], 
      [
        1.1418241989775977
      ]
    ], 
    "image4":[
      [
        -0.08893655827900263
      ], 
      [
        0.20015091181469044
      ], 
      [
        1.8867571374634216
      ]
    ], 
    "image5":[
      [
        -0.4658877404984511
      ], 
      [
        0.11221798635414616
      ], 
      [
        1.4890100575022147
      ]
    ], 
    "image6":[
      [
        0.03252807856601803
      ], 
      [
        0.33551019370945806
      ], 
      [
        1.9192130905173683
      ]
    ], 
    "image7":[
      [
        -0.005858437100922447
      ], 
      [
        0.16525658125796464
      ], 
      [
        1.8230330473446579
      ]
    ], 
    "image8":[
      [
        0.3357673539293586
      ], 
      [
        0.41849307223573073
      ], 
      [
        2.1761484339731068
      ]
    ], 
    "image9":[
      [
        -0.38359869520629375
      ], 
      [
        -0.20452171170736616
      ], 
      [
        1.182034208019579
      ]
    ], 
    "image10":[
      [
        0.3519036789200231
      ], 
      [
        -0.012792113247351007
      ], 
      [
        2.011115562774522
      ]
    ], 
    "image11":[
      [
        0.572049913241245
      ], 
      [
        0.29136867492783824
      ], 
      [
        2.2764945495929663
      ]
    ], 
    "image12":[
      [
        -0.33156978789458663
      ], 
      [
        0.37906808497441075
      ], 
      [
        1.5961985236598208
      ]
    ], 
    "image13":[
      [
        0.3798278686411203
      ], 
      [
        -0.7299905970101356
      ], 
      [
        1.6304618754563227
      ]
    ], 
    "image14":[
      [
        0.11409633758681698
      ], 
      [
        -0.10462844454612098
      ], 
      [
        1.744109009585387
      ]
    ], 
    "image15":[
      [
        0.003696231332760439
      ], 
      [
        0.17714499713656157
      ], 
      [
        1.8530184811955872
      ]
    ]
  }, 
  "translational_vectors":{
    "image0":[
      [
        44.69834405849119
      ], 
      [
        -50.93995221060317
      ], 
      [
        271.4232438825778
      ]
    ], 
    "image1":[
      [
        50.75308589776347
      ], 
      [
        -5.064330380939747
      ], 
      [
        290.92664955260216
      ]
    ], 
    "image2":[
      [
        41.084991794515155
      ], 
      [
        -84.89147839402443
      ], 
      [
        327.20270155526816
      ]
    ], 
    "image3":[
      [
        -16.66435943600764
      ], 
      [
        -105.43906200614727
      ], 
      [
        348.52684417735657
      ]
    ], 
    "image4":[
      [
        24.864770370605505
      ], 
      [
        -69.92348864662779
      ], 
      [
        336.6134682600411
      ]
    ], 
    "image5":[
      [
        -24.810669570312935
      ], 
      [
        -105.0230564068334
      ], 
      [
        372.3939939453642
      ]
    ], 
    "image6":[
      [
        57.558883684936404
      ], 
      [
        -83.97518572317301
      ], 
      [
        349.1822390826151
      ]
    ], 
    "image7":[
      [
        50.48616181573952
      ], 
      [
        -92.7043380991244
      ], 
      [
        362.459545039045
      ]
    ], 
    "image8":[
      [
        48.43715129253075
      ], 
      [
        -56.31931100375951
      ], 
      [
        347.14722319639446
      ]
    ], 
    "image9":[
      [
        43.602485679918416
      ], 
      [
        -99.37563692563886
      ], 
      [
        373.44944799845734
      ]
    ], 
    "image10":[
      [
        43.8628177672075
      ], 
      [
        -62.56615394526174
      ], 
      [
        336.1362853066848
      ]
    ], 
    "image11":[
      [
        26.866128186459456
      ], 
      [
        -19.67557147055174
      ], 
      [
        319.45877899678334
      ]
    ], 
    "image12":[
      [
        81.43661137183621
      ], 
      [
        -85.0688496554617
      ], 
      [
        338.01124068474707
      ]
    ], 
    "image13":[
      [
        35.63539333747763
      ], 
      [
        -39.509724065843976
      ], 
      [
        271.86970118406197
      ]
    ], 
    "image14":[
      [
        63.47193665437201
      ], 
      [
        -72.4077911531149
      ], 
      [
        336.6483564378142
      ]
    ], 
    "image15":[
      [
        38.70414809642838
      ], 
      [
        -75.04125638305757
      ], 
      [
        309.96274245221593
      ]
    ]
  }, 
  "image_files_names":[
    [
      0, 
      "p01.png"
    ], 
    [
      1, 
      "p02.png"
    ], 
    [
      2, 
      "p03.png"
    ], 
    [
      3, 
      "p04.png"
    ], 
    [
      4, 
      "p05.png"
    ], 
    [
      5, 
      "p06.png"
    ], 
    [
      6, 
      "p07.png"
    ], 
    [
      7, 
      "p08.png"
    ], 
    [
      8, 
      "p09.png"
    ], 
    [
      9, 
      "p10.png"
    ], 
    [
      10, 
      "p11.png"
    ], 
    [
      11, 
      "p12.png"
    ], 
    [
      12, 
      "p13.png"
    ], 
    [
      13, 
      "p14.png"
    ], 
    [
      14, 
      "p15.png"
    ], 
    [
      15, 
      "p16.png"
    ]
  ]
}