{
  "Dx":[
    [
      -0.4302219932863314, 
      0.9023292848827121, 
      0.026662673080348812
    ], 
    [
      -0.9027112396696635, 
      -0.43018018461199226, 
      -0.007578030169621073
    ], 
    [
      0.004631875084180336, 
      -0.02732892991402689, 
      0.9996157638427676
    ]
  ], 
  "rx":[
    [
      -76.63934543065892
    ], 
    [
      36.80906026913492
    ], 
    [
      72.81914233344597
    ]
  ], 
  "fTc":[
    [
      -0.4302219932863314, 
      0.9023292848827121, 
      0.026662673080348812, 
      -76.63934543065892
    ], 
    [
      -0.9027112396696635, 
      -0.43018018461199226, 
      -0.007578030169621073, 
      36.80906026913492
    ], 
    [
      0.004631875084180336, 
      -0.02732892991402689, 
      0.9996157638427676, 
      72.81914233344597
    ], 
    [
      0.0, 
      0.0, 
      0.0, 
      1.0
    ]
  ]
}